{
  "layerInfos": [
    {
      "name": "Closures",
      "id": "TransportationClosuresData_9462",
      "layer": {
        "url": "https://services.arcgis.com/aJ16ENn1AaqdFlqx/arcgis/rest/services/TransportationClosuresData/FeatureServer/0",
        "fields": [
          {
            "show": false,
            "name": "OBJECTID",
            "alias": "OBJECTID"
          },
          {
            "show": true,
            "name": "StreetName",
            "alias": "Street Name"
          },
          {
            "show": true,
            "name": "Description",
            "alias": "Description"
          },
          {
            "show": true,
            "name": "ClosureSubType",
            "alias": "Type of Closure"
          },
          {
            "show": true,
            "name": "Event",
            "alias": "Event"
          },
          {
            "show": true,
            "name": "ClosureDate",
            "alias": "Closure Date"
          },
          {
            "show": true,
            "name": "CompletionDate",
            "alias": "Completion Date"
          },
          {
            "show": false,
            "name": "GlobalID",
            "alias": "GlobalID"
          },
          {
            "show": false,
            "name": "CreationDate",
            "alias": "CreationDate"
          },
          {
            "show": false,
            "name": "Creator",
            "alias": "Creator"
          },
          {
            "show": false,
            "name": "EditDate",
            "alias": "EditDate"
          },
          {
            "show": false,
            "name": "Editor",
            "alias": "Editor"
          },
          {
            "show": false,
            "name": "Website",
            "alias": "Website"
          }
        ]
      },
      "show": true
    },
    {
      "name": "Asheville City Limits",
      "id": "AshevilleCityLimits_9990",
      "layer": {
        "url": "https://arcgis.ashevillenc.gov/arcgis/rest/services/Boundaries/AshevilleCityLimits/MapServer/0"
      },
      "show": false
    },
    {
      "name": "Local Insterstate Highways (Buncombe County)",
      "id": "StreetNetwork_843_0",
      "layer": {
        "url": "https://arcgis.ashevillenc.gov/arcgis/rest/services/Transportation/StreetNetwork/MapServer/0"
      },
      "show": false
    },
    {
      "name": "Local US Highways (Buncombe County)",
      "id": "StreetNetwork_843_1",
      "layer": {
        "url": "https://arcgis.ashevillenc.gov/arcgis/rest/services/Transportation/StreetNetwork/MapServer/1"
      },
      "show": false
    },
    {
      "name": "Local NC Highway (Buncombe County)",
      "id": "StreetNetwork_843_2",
      "layer": {
        "url": "https://arcgis.ashevillenc.gov/arcgis/rest/services/Transportation/StreetNetwork/MapServer/2"
      },
      "show": false
    },
    {
      "name": "Local Highway Ramps (Buncombe County)",
      "id": "StreetNetwork_843_3",
      "layer": {
        "url": "https://arcgis.ashevillenc.gov/arcgis/rest/services/Transportation/StreetNetwork/MapServer/3"
      },
      "show": false
    },
    {
      "name": "Local Blue Ridge Parkway (Buncombe County)",
      "id": "StreetNetwork_843_4",
      "layer": {
        "url": "https://arcgis.ashevillenc.gov/arcgis/rest/services/Transportation/StreetNetwork/MapServer/4"
      },
      "show": false
    },
    {
      "name": "NC Interstate Highways (Generalized)",
      "id": "StreetNetwork_843_5",
      "layer": {
        "url": "https://arcgis.ashevillenc.gov/arcgis/rest/services/Transportation/StreetNetwork/MapServer/5"
      },
      "show": false
    },
    {
      "name": "Buncombe County Streets (Centerlines)",
      "id": "StreetNetwork_843_6",
      "layer": {
        "url": "https://arcgis.ashevillenc.gov/arcgis/rest/services/Transportation/StreetNetwork/MapServer/6"
      },
      "show": false
    },
    {
      "name": "Street Labels",
      "id": "StreetNetwork_843_7",
      "layer": {
        "url": "https://arcgis.ashevillenc.gov/arcgis/rest/services/Transportation/StreetNetwork/MapServer/7"
      },
      "show": false
    }
  ],
  "table": {
    "pageSizeOptions": [
      25,
      50,
      100,
      1000
    ]
  },
  "hideExportButton": false,
  "initiallyExpand": false
}