{
  "allPlaceholder": "Search by address or street",
  "showInfoWindowOnSelect": true,
  "sources": [
    {
      "url": "https://arcgis.ashevillenc.gov/arcgis/rest/services/Geolocators/BC_address_unit/GeocodeServer",
      "name": "Address",
      "singleLineFieldName": "Single Line Input",
      "placeholder": "",
      "countryCode": "",
      "maxResults": 6,
      "searchInCurrentMapExtent": false,
      "type": "locator"
    },
    {
      "url": "https://arcgis.ashevillenc.gov/arcgis/rest/services/Geolocators/bc_street_intersection/GeocodeServer",
      "name": "Street Intersection",
      "singleLineFieldName": "Single Line Input",
      "placeholder": "Search like STREET1 & STREET2",
      "countryCode": "",
      "maxResults": 4,
      "searchInCurrentMapExtent": false,
      "type": "locator"
    }
  ]
}